<?xml version="1.0" encoding="utf-8"?>

<!--
@name     Dashboard Latest Orders
@author   Andrii Burkatskyi, ocmod.space@gmail.com
@version  1.0.0
@link     https://www.opencart.com/index.php?route=marketplace/extension&amp;filter_member=ocmod.space
@link     https://github.com/ocmod-space/ocmod-dashboard-latest-orders
@licence  https://raw.githubusercontent.com/ocmod-space/ocmod-dashboard-latest-orders/main/LICENSE.txt
-->

<modification>
    <name>#ocmod.space: dashboard-latest-orders</name>
    <code>dashboard-latest-orders</code>
    <version>1.0.0</version>
    <author>Andrii Burkatskyi</author>
    <link>https://www.opencart.com/index.php?route=marketplace/extension&amp;filter_member=ocmod.space</link>

    <file path="admin/controller/extension/dashboard/recent.php">
        <operation error="log">
            <search info=""><![CDATA['limit' => 5]]></search>
            <add position="replace"><![CDATA['limit' => $this->config->get('config_limit_admin')]]></add>
        </operation>
    </file>
    <file path="admin/view/template/extension/dashboard/recent_info.twig">
        <operation error="log">
            <search info=""><![CDATA[class="table"]]></search>
            <add position="replace"><![CDATA[class="table table-scrollable"]]></add>
        </operation>
        <operation error="log">
            <search info=""><![CDATA[<div class="panel panel-default">]]></search>
            <add position="before"><![CDATA[
<style>
table.table-scrollable {
    min-width: 800px;
}

table.table-scrollable > thead,
table.table-scrollable > tbody,
table.table-scrollable tr {
  display: table;
  width: 100%;
  table-layout: fixed;
}

table.table-scrollable tbody {
  display: block;
  overflow: auto;
  table-layout: fixed;
  max-height: 350px;
}

table.table-scrollable td:nth-child(1) {
  width: 10%;
}

table.table-scrollable td:nth-child(2) {
  width: 30%;
}

table.table-scrollable td:nth-child(5) {
  width: 10%;
}

table.table-scrollable td:nth-child(6) {
  width: 10%;
}

/*
table.table-scrollable > tbody > tr > td {
  word-break: break-all!important;
}
*/

</style>
            ]]></add>
        </operation>
    </file>

</modification>
